student_id,record_count,daily_avg_consumption,daily_avg_frequency,consumption_volatility,total_consumption,total_frequency,library_access_count,dorm_access_count,social_activity_score,weekend_activity_ratio,weekday_activity_ratio,morning_activity_count,afternoon_activity_count,evening_activity_count,night_activity_count,canteen_visits,supermarket_visits,campus_coverage,consumption_regularity,daily_consumption_cv
S000001,10,7.91125,1.375,11.585969886646767,63.29,11.0,0,2,2,0.3,0.7,4,3,3,0,1,1,6,0.07945355097829701,1.4626441390748641
S000002,10,14.79214285714286,3.0,20.777955838087724,103.545,21.0,2,0,2,0.2,0.8,3,4,3,0,2,1,6,0.04591799191047528,1.4037126947508956
S000003,10,26.601428571428574,2.2857142857142856,16.39677654151513,186.21,16.0,1,2,3,0.5,0.5,3,6,1,0,5,1,7,0.05748191325063186,0.6161554422944272
S000004,10,12.557500000000001,2.0,8.62557120261775,100.46000000000001,16.0,2,0,2,0.2,0.8,4,3,3,0,5,1,5,0.1038899384722272,0.6863394631086333
S000005,10,10.816428571428572,1.8571428571428572,8.752271473873565,75.715,13.0,3,0,3,0.4,0.6,2,4,4,0,1,4,5,0.10254021359834067,0.8084172371460705
S000006,10,11.331428571428573,1.8571428571428572,10.016141020991116,79.32000000000001,13.0,3,0,3,0.3,0.7,4,2,4,0,3,2,6,0.09077588949655899,0.8831463301037638
S000007,10,19.045,1.625,19.930980192368146,152.36,13.0,2,0,2,0.3,0.7,3,5,2,0,4,1,5,0.04777607120208446,1.045971146280144
S000008,10,9.176,2.0,10.05458751018658,45.88,10.0,3,2,5,0.2,0.8,3,5,2,0,2,0,6,0.09046018217129495,1.0945555748080318
S000009,10,11.202000000000002,2.8,14.542667224412446,56.010000000000005,14.0,2,3,5,0.2,0.8,1,6,3,0,1,1,6,0.06433902145375198,1.2970627206932255
S000010,10,12.942142857142857,2.142857142857143,10.645532653474437,90.595,15.0,2,1,3,0.4,0.6,6,1,3,0,3,1,8,0.0858698377958393,0.8219128503206425
S000011,10,16.167142857142856,1.7142857142857142,12.20418878129652,113.16999999999999,12.0,1,2,3,0.3,0.7,1,5,4,0,3,2,7,0.0757335430872119,0.7544094089462702
S000012,10,17.844285714285714,2.4285714285714284,13.883492424630118,124.91,17.0,3,0,3,0.1,0.9,1,5,4,0,5,0,5,0.06718853152672276,0.777599991777971
S000013,10,18.23875,1.875,16.270648803904535,145.91,15.0,1,1,2,0.5,0.5,3,4,3,0,3,2,7,0.057901704293467006,0.8916034689446968
S000014,10,21.444,2.2,14.839276599619,107.22,11.0,2,3,5,0.2,0.8,1,4,5,0,2,2,6,0.0631341964205647,0.6916787824936608
S000015,10,21.764285714285716,2.142857142857143,14.799796008890187,152.35,15.0,1,1,2,0.3,0.7,3,4,3,0,6,0,7,0.0632919563921789,0.6796914582222234
S000016,10,29.266666666666662,1.5,18.964864003379162,175.59999999999997,9.0,3,1,4,0.4,0.6,3,4,3,0,4,1,6,0.0500879945804161,0.6477808494835192
S000017,10,18.576666666666664,2.0,20.07259591250386,111.46,12.0,3,1,4,0.2,0.8,3,4,3,0,2,1,6,0.04745499814793247,1.0799459780758893
S000018,10,15.455714285714288,1.4285714285714286,13.039891176875745,108.19000000000001,10.0,2,1,3,0.3,0.7,2,2,6,0,5,0,7,0.07122562329023173,0.8431483302986348
S000019,10,9.102500000000001,1.5,11.069255846713457,36.410000000000004,6.0,1,5,6,0.4,0.6,4,2,4,0,1,1,6,0.0828551497043877,1.2147331519027111
S000020,10,21.806000000000004,1.2,20.158867279686127,109.03000000000002,6.0,4,1,5,0.4,0.6,3,7,0,0,3,0,5,0.04726150917162112,0.9240404877010507
S000021,10,17.915714285714284,3.142857142857143,14.021289892092497,125.41,22.0,0,2,2,0.2,0.8,3,6,1,0,4,3,6,0.06657217903280195,0.7821886296194412
S000022,10,21.677500000000002,2.0,15.080546796010635,86.71000000000001,8.0,4,2,6,0.1,0.9,1,6,3,0,3,0,6,0.06218694007644605,0.6953566245999139
S000023,10,9.233333333333334,2.111111111111111,9.790527309598804,83.10000000000001,19.0,0,1,1,0.2,0.8,2,8,0,0,2,2,6,0.09267387693930783,1.0591987713233468
S000024,10,22.269,2.2,6.0902467109305185,111.345,11.0,4,1,5,0.0,1.0,4,3,3,0,4,0,6,0.1410388158226388,0.2733626603945652
S000025,10,11.829444444444444,1.6666666666666667,10.232080813684858,106.465,15.0,1,0,1,0.3,0.7,5,2,3,0,4,1,7,0.08903069845986396,0.8642365663100157
S000026,10,27.668,2.0,22.346591910177263,138.34,10.0,2,3,5,0.3,0.7,3,4,3,0,3,1,6,0.04283280419888948,0.8073774084174168
S000027,10,9.531875,2.125,8.5866948312491,76.255,17.0,0,2,2,0.5,0.5,5,4,1,0,1,4,5,0.10431123735579521,0.8998959671185276
S000028,10,6.270000000000001,2.142857142857143,9.852123290607631,43.89000000000001,15.0,2,1,3,0.3,0.7,3,4,3,0,1,0,6,0.09214786574213424,1.5688094411795588
S000029,10,17.443571428571428,2.5714285714285716,14.051842914212864,122.10499999999999,18.0,2,1,3,0.2,0.8,3,4,3,0,4,1,7,0.06643704732366953,0.8050984276610603
S000030,10,5.174000000000001,2.3,4.711491743009261,51.74000000000001,23.0,0,0,0,0.4,0.6,3,3,4,0,3,0,5,0.175085607227565,0.908852573882959
S000031,10,13.01388888888889,2.0555555555555554,11.245995892365919,117.125,18.5,0,1,1,0.3,0.7,0,6,4,0,4,2,8,0.08165934471882308,0.8634898522483749
S000032,10,10.383333333333335,2.3333333333333335,9.150876825018829,62.300000000000004,14.0,0,3,3,0.2,0.8,4,2,4,0,3,0,5,0.09851365721779853,0.8804563975322798
S000033,10,23.478333333333335,2.5,17.078554290883833,140.87,15.0,4,0,4,0.4,0.6,1,3,6,0,5,0,5,0.05531415753217906,0.7271079666877385
S000034,10,21.08222222222222,2.2222222222222223,18.905998239829717,189.73999999999998,20.0,0,1,1,0.2,0.8,4,1,5,0,4,2,7,0.050236114157747175,0.8963492817703601
S000035,10,13.86,1.8571428571428572,13.11900402723723,97.02000000000001,13.0,1,1,2,0.2,0.8,1,5,4,0,3,1,8,0.07082652558713644,0.9458546522881925
S000036,10,18.631999999999998,3.0,24.378218146534003,93.16,15.0,3,1,4,0.3,0.7,3,4,3,0,2,1,7,0.039403869658066346,1.307704009576977
S000037,10,14.497142857142856,1.4285714285714286,12.64778335557357,101.47999999999999,10.0,0,3,3,0.3,0.7,3,6,1,0,2,2,6,0.07327197200793882,0.8718314474546035
S000038,10,17.21277777777778,2.0,19.78928926071991,154.91500000000002,18.0,0,1,1,0.3,0.7,3,3,4,0,5,1,5,0.04810169253306022,1.1490184403501769
S000039,10,15.620000000000001,2.2857142857142856,17.96376909225901,109.34,16.0,0,3,3,0.2,0.8,2,6,2,0,2,1,5,0.05273213331880311,1.1493134416032635
S000040,10,17.901875,2.25,16.65547441909116,143.215,18.0,0,2,2,0.4,0.6,1,4,5,0,3,2,7,0.05663965613513525,0.9298565571215274
S000041,10,10.551428571428573,1.7142857142857142,8.66883004134435,73.86000000000001,12.0,3,0,3,0.2,0.8,3,6,1,0,3,1,7,0.10342512958899425,0.8208008966510272
S000042,10,21.490000000000002,1.7777777777777777,17.190625352208684,193.41000000000003,16.0,1,0,1,0.4,0.6,3,3,4,0,5,1,7,0.054973371208405494,0.7995639698701712
S000043,10,2.529,1.8,1.947429074446615,12.645,9.0,4,0,4,0.2,0.8,2,5,3,0,1,0,4,0.3392787323263247,0.767006331014815
S000044,10,19.419999999999998,2.3333333333333335,11.590903329766839,116.51999999999998,14.0,1,2,3,0.3,0.7,4,3,3,0,3,2,7,0.07942241901229165,0.5965467488299968
S000045,10,16.6225,1.75,12.319557911826916,132.98,14.0,1,1,2,0.4,0.6,2,5,3,0,4,2,7,0.0750775668847135,0.7406918930904504
S000046,10,21.106,1.6,14.352298770580271,105.53,8.0,2,3,5,0.6,0.4,1,7,2,0,4,0,6,0.06513682510636828,0.6796883297300752
S000047,10,10.96875,1.875,10.775798860011658,87.75,15.0,1,1,2,0.4,0.6,2,3,5,0,2,1,8,0.08491992873585903,0.9815141851314274
S000048,10,11.1675,1.5,12.183509346653777,89.34,12.0,2,0,2,0.5,0.5,6,2,2,0,3,1,8,0.0758523374699028,1.0900030728386292
S000049,10,20.424,2.4,19.734365457242347,102.11999999999999,12.0,1,4,5,0.1,0.9,5,5,0,0,2,2,6,0.04822911036569523,0.9657612536577442
S000050,10,22.449166666666667,2.0,14.740785059374097,134.695,12.0,4,0,4,0.2,0.8,3,6,1,0,4,1,5,0.06352923289581867,0.6563371329913145
S000051,10,14.73111111111111,2.111111111111111,19.239733914768962,132.57999999999998,19.0,0,1,1,0.6,0.4,4,3,3,0,2,1,7,0.04940776416385092,1.3051752862962287
S000052,10,12.62375,2.5,10.428676039103498,100.99,20.0,2,0,2,0.2,0.8,2,3,5,0,5,2,5,0.08749919908294497,0.8254616435423765
S000053,10,22.148571428571422,2.5714285714285716,13.065766246915931,155.04,18.0,2,0,2,0.4,0.6,2,6,2,0,6,1,6,0.0710945982213561,0.5896484026072564
S000054,10,20.17,2.6666666666666665,10.904731083341764,121.02000000000001,16.0,2,1,3,0.6,0.4,3,3,4,0,3,2,6,0.08400021747650356,0.5403731954084123
S000055,10,12.236999999999998,1.6,13.529692162056017,61.184999999999995,8.0,2,3,5,0.4,0.6,3,2,5,0,3,0,5,0.06882458271287252,1.1047352136895583
S000056,10,8.061666666666667,1.8888888888888888,8.620939623962112,72.555,17.0,0,1,1,0.1,0.9,3,1,6,0,3,0,6,0.10393995171837263,1.0680495094729026
S000057,10,12.399000000000001,2.4,15.898900276434217,61.995000000000005,12.0,3,2,5,0.2,0.8,5,2,3,0,1,0,6,0.0591754483215997,1.2812394452763491
S000058,10,18.5825,2.75,16.31492984092441,148.66,22.0,0,1,1,0.5,0.5,3,4,3,0,6,0,7,0.057753627025185335,0.8775005965267936
S000059,10,10.70611111111111,1.5555555555555556,9.89520773461129,96.35499999999999,14.0,0,1,1,0.1,0.9,3,4,3,0,4,1,7,0.09178347254667349,0.923395402680301
S000060,10,14.625714285714286,2.2857142857142856,18.352648861624722,102.38000000000001,16.0,2,1,3,0.4,0.6,8,1,1,0,1,2,6,0.051672513005852495,1.2539633189982728
S000061,10,21.531666666666666,1.3333333333333333,14.908119152551292,129.19,8.0,2,2,4,0.3,0.7,3,5,2,0,5,0,6,0.06286098252159641,0.6920596898669845
S000062,10,11.914000000000001,1.8,14.691381146781264,59.57000000000001,9.0,2,3,5,0.3,0.7,5,4,1,0,2,0,6,0.06372925306228558,1.232084967022917
S000063,10,7.227500000000001,1.1,6.838134593748665,72.275,11.0,0,0,0,0.3,0.7,4,2,4,0,5,0,4,0.1275813764154489,0.944819978410869
S000064,10,8.440714285714288,1.5714285714285714,8.849846716455708,59.08500000000001,11.0,1,2,3,0.3,0.7,2,3,5,0,1,3,7,0.10152442254043849,1.047230614744146
S000065,10,17.055625,2.125,23.45524239870786,136.445,17.0,1,1,2,0.2,0.8,6,3,1,0,2,1,7,0.04089102793161588,1.3744144969028593
S000066,10,18.857499999999998,1.5,11.403924397621491,75.42999999999999,6.0,2,4,6,0.6,0.4,3,4,3,0,3,0,5,0.08061964648799008,0.6044215925597717
S000067,10,14.907499999999999,1.75,9.809193573960531,119.25999999999999,14.0,1,1,2,0.4,0.6,6,2,2,0,3,2,7,0.09251383955311997,0.6575628338502116
S000068,10,24.830714285714286,2.2857142857142856,19.289785818011612,173.815,16.0,0,2,2,0.6,0.4,3,4,3,0,5,2,5,0.04928588251100619,0.7765390961042141
S000069,10,13.844285714285714,2.142857142857143,10.546866607580435,96.91,15.0,2,1,3,0.3,0.7,4,4,2,0,4,0,6,0.08660358121254359,0.7612710481858429
S000070,10,10.129999999999999,1.8571428571428572,13.352120930149388,70.91,13.0,1,2,3,0.3,0.7,5,2,3,0,2,0,6,0.06967611301959614,1.3167772120462908
S000071,10,22.747142857142858,2.0,15.454245063288935,159.23000000000002,14.0,1,2,3,0.3,0.7,4,3,3,0,4,1,7,0.06077459015309671,0.6790942589015853
S000072,10,13.575000000000001,2.1666666666666665,11.728823896708484,81.45,13.0,1,3,4,0.3,0.7,2,5,3,0,3,0,6,0.0785618536413712,0.8633657634676837
S000073,10,6.774285714285715,2.4285714285714284,12.806270413542027,47.42,17.0,2,1,3,0.2,0.8,3,6,1,0,1,0,5,0.07243085714293553,1.8876372477320316
S000074,10,19.224285714285713,1.7142857142857142,17.243531982691227,134.57,12.0,1,2,3,0.4,0.6,4,4,2,0,3,1,8,0.05481394726354317,0.8964997317204292
S000075,10,20.60666666666667,2.5555555555555554,14.64933104274731,185.46,23.0,0,0,0,0.3,0.7,3,2,5,0,5,1,6,0.06390049499677819,0.7105576900281636
S000076,10,22.35625,2.125,20.253321376646205,178.85,17.0,2,0,2,0.6,0.4,4,3,3,0,4,1,7,0.047051469381102495,0.9055304924449206
S000077,10,18.47,2.142857142857143,11.689927288054447,129.29,15.0,1,1,2,0.3,0.7,5,0,5,0,2,3,7,0.0788026579901164,0.6325718229466691
S000078,10,5.196428571428572,1.7857142857142858,4.749542709817541,36.37500000000001,12.5,2,1,3,0.3,0.7,5,4,1,0,1,2,6,0.17392687566134013,0.9122458216140151
S000079,10,17.343333333333334,2.0,22.895969805477414,52.03,6.0,4,3,7,0.3,0.7,3,1,6,0,1,0,5,0.04184806091321645,1.3193989515257825
S000080,10,13.42666666666667,2.6666666666666665,19.95886853840501,40.28000000000001,8.0,5,2,7,0.2,0.8,4,2,4,0,1,0,4,0.04771249927769722,1.4854032650760363
S000081,10,15.911666666666669,2.1666666666666665,15.224206273782116,95.47000000000001,13.0,3,1,4,0.2,0.8,2,4,4,0,2,1,7,0.06163629721695374,0.9561942598418579
S000082,10,18.02,2.5,13.368334226821233,108.12,15.0,2,2,4,0.4,0.6,1,5,4,0,4,0,7,0.0695974901623119,0.7414494856806008
S000083,10,9.955,1.8888888888888888,10.5077394095971,89.595,17.0,0,1,1,0.5,0.5,3,5,2,0,4,0,6,0.08689804004129871,1.054464566944014
S000084,10,17.22,3.0,13.18304668883487,103.32,18.0,1,2,3,0.2,0.8,4,3,3,0,3,2,7,0.07050671283393692,0.7651216882666784
S000085,10,7.969285714285715,2.5,9.299094233925612,55.785000000000004,17.5,3,0,3,0.2,0.8,5,3,2,0,2,1,7,0.0970959171055996,1.1654043440601427
S000086,10,5.2875000000000005,2.0,6.135652980734813,31.725,12.0,1,2,3,0.2,0.8,3,1,6,0,1,1,7,0.1401413441348464,1.1582167023567367
S000087,10,18.6175,2.125,19.27448183479909,148.94,17.0,1,1,2,0.3,0.7,5,1,4,0,2,2,7,0.04932308545038135,1.034732617624431
S000088,10,19.00944444444444,2.0,8.650197412647747,171.08499999999998,18.0,1,0,1,0.0,1.0,6,2,2,0,5,3,5,0.10362482312427924,0.4548081011469533
S000089,10,20.531428571428567,1.8571428571428572,25.464479462296385,143.71999999999997,13.0,1,2,3,0.4,0.6,4,1,5,0,2,2,6,0.037786497989680375,1.239664484568292
S000090,10,19.455000000000002,1.8571428571428572,8.874554918417036,136.185,13.0,1,2,3,0.4,0.6,3,6,1,0,5,1,7,0.10127038719840421,0.45592370503041535
S000091,10,22.94333333333333,2.5,22.194401696523983,137.66,15.0,2,1,3,0.2,0.8,2,5,3,0,3,0,6,0.043113851914958624,0.9669358857039202
S000092,10,15.152857142857144,2.142857142857143,12.701403418895245,106.07000000000001,15.0,1,2,3,0.3,0.7,2,4,4,0,5,1,7,0.07298522417206739,0.8376655731323414
S000093,10,8.891,3.4,6.926224079540019,44.455,17.0,2,2,4,0.5,0.5,2,4,4,0,3,1,8,0.1261634783428975,0.7781399932075069
S000094,10,20.758000000000003,2.0,19.355015313292256,207.58,20.0,0,0,0,0.1,0.9,3,4,3,0,5,1,6,0.049127941424194306,0.9319633721731632
S000095,10,26.299285714285713,1.5714285714285714,20.901658313112268,184.095,11.0,1,2,3,0.3,0.7,3,5,2,0,4,2,7,0.04565864309011303,0.7944593608545917
S000096,10,20.252000000000002,1.7,23.184452117744772,101.26,8.5,3,2,5,0.1,0.9,3,3,4,0,2,1,6,0.04134887964926332,1.1442331516012618
S000097,10,18.35,2.4,16.44026155509699,91.75,12.0,1,4,5,0.4,0.6,3,2,5,0,2,2,5,0.05733858961007072,0.8954390825216223
S000098,10,9.1675,2.0,10.377902365121768,55.005,12.0,2,2,4,0.3,0.7,4,3,3,0,3,0,6,0.0878896626029624,1.1307984053524127
S000099,10,20.761666666666667,1.0,12.45963469234418,124.57,6.0,3,1,4,0.2,0.8,6,4,0,0,2,3,5,0.07429622146942803,0.599837985670104
S000100,10,15.72,2.125,18.229266892241483,125.76,17.0,1,1,2,0.4,0.6,4,4,2,0,2,3,7,0.05200406264075904,1.158885371407596
S000101,10,19.91857142857143,1.4285714285714286,21.442995304272387,139.43,10.0,3,0,3,0.4,0.6,3,5,2,0,3,0,6,0.044557332318722796,1.0759925959133096
S000102,10,29.106428571428573,1.8571428571428572,26.112705514475405,203.745,13.0,0,3,3,0.3,0.7,3,2,5,0,4,0,5,0.03688307680936167,0.8968375173629409
S000103,10,20.914285714285715,1.7142857142857142,19.592102879428108,146.4,12.0,3,0,3,0.1,0.9,5,4,1,0,4,0,5,0.0485623059410323,0.9363331750938536
S000104,10,14.30388888888889,2.3333333333333335,14.995197935042777,128.735,21.0,1,0,1,0.3,0.7,2,4,4,0,4,2,7,0.06251876369777012,1.0475977598710264
S000105,10,20.69333333333333,1.5,20.475416153687004,124.16,9.0,1,3,4,0.3,0.7,7,1,2,0,2,1,7,0.046564871797760955,0.9889912809702304
S000106,10,2.2921428571428573,1.5714285714285714,1.2219310439588955,16.045,11.0,3,0,3,0.4,0.6,3,6,1,0,0,1,5,0.4500589713253493,0.5307798515490083
S000107,10,6.71625,2.25,7.107054719482205,53.73,18.0,1,1,2,0.3,0.7,3,5,2,0,1,2,7,0.12334935862673808,1.0566147139167004
S000108,10,1.9216666666666666,2.0,0.9007521548375249,11.53,12.0,1,3,4,0.1,0.9,3,2,5,0,1,1,7,0.526107518781416,0.46630827687878773
S000109,10,12.679999999999998,2.2857142857142856,12.06091483539564,88.75999999999999,16.0,3,0,3,0.3,0.7,3,3,4,0,4,0,6,0.07656431518027797,0.9504267009768039
S000110,10,14.680999999999997,1.7,13.147192729501862,146.80999999999997,17.0,0,0,0,0.2,0.8,5,1,4,0,5,1,6,0.07068540162845517,0.8949147593425815
S000111,10,13.551428571428572,2.0,9.714589421022776,94.86,14.0,0,3,3,0.3,0.7,4,2,4,0,1,4,5,0.0933306877851922,0.7163396813142255
S000112,10,7.331249999999999,1.75,7.066194040237341,58.64999999999999,14.0,2,0,2,0.1,0.9,3,3,4,0,3,0,5,0.12397420580407656,0.9625328166507532
S000113,10,28.580000000000002,2.5,26.261285827874715,114.32000000000001,10.0,1,4,5,0.1,0.9,3,4,3,0,3,0,6,0.036682055509557006,0.9185479478095387
S000114,10,18.925,2.375,13.103853304603627,151.39999999999998,19.0,0,1,1,0.5,0.5,4,3,3,0,4,1,8,0.07090260926590826,0.6920440086930882
S000115,10,8.0,2.375,8.190846807783151,64.0,19.0,0,2,2,0.3,0.7,1,3,6,0,2,1,7,0.10880390250364774,1.022577628936723
S000116,10,26.265555555555558,2.388888888888889,18.003862857114243,236.39000000000001,21.5,0,1,1,0.4,0.6,5,2,3,0,6,1,7,0.05262088068719367,0.6851943746364519
S000117,10,6.380000000000001,2.4,9.35783962782009,31.900000000000002,12.0,3,2,5,0.5,0.5,4,3,3,0,3,0,5,0.09654522911458323,1.4644506459812345
S000118,10,11.608,2.4,7.470155286203896,58.040000000000006,12.0,4,1,5,0.4,0.6,4,1,5,0,1,3,5,0.11806158992489665,0.6429811745742723
S000119,10,6.645714285714285,2.7142857142857144,6.337199321316574,46.519999999999996,19.0,1,1,2,0.0,1.0,3,6,1,0,2,0,7,0.13629178603540537,0.9521441349906853
S000120,10,26.835,2.25,26.446016083082657,107.34,9.0,4,2,6,0.3,0.7,3,4,3,0,1,2,5,0.03643516046091608,0.9851374961103615
S000121,10,20.540000000000003,2.5,23.662085673344574,164.32,20.0,1,0,1,0.3,0.7,4,3,3,0,5,1,7,0.0405480709638774,1.1514396921335557
S000122,10,14.018124999999998,2.25,12.475821741472581,112.14499999999998,18.0,0,2,2,0.3,0.7,3,3,4,0,5,1,7,0.07420697744334545,0.8893434968303022
S000123,10,12.059999999999999,2.75,13.669086777591739,48.239999999999995,11.0,1,5,6,0.4,0.6,3,6,1,0,1,1,5,0.068170569522268,1.1324844057656787
S000124,10,9.298333333333334,1.8333333333333333,8.591105671953214,55.79,11.0,2,1,3,0.3,0.7,4,1,5,0,2,1,7,0.1042632658009649,0.9229477892877221
S000125,10,9.781666666666666,2.0,9.433742452848003,58.69,12.0,3,1,4,0.2,0.8,2,4,4,0,2,1,6,0.0958428871058667,0.9634460377376685
S000126,10,20.009999999999998,2.142857142857143,10.762157466481026,140.07,15.0,3,0,3,0.5,0.5,1,6,3,0,5,1,5,0.08501841629392652,0.5375703030210303
S000127,10,20.160555555555554,2.0,11.416712651975514,181.445,18.0,1,0,1,0.2,0.8,3,4,3,0,6,2,6,0.08053661448313365,0.5660088350333524
S000128,10,8.1375,2.75,7.66000512868161,65.1,22.0,1,1,2,0.5,0.5,5,2,3,0,2,2,6,0.11547337272215205,0.9401663244776448
S000129,10,16.294285714285714,2.0,12.53634264467759,114.06,14.0,2,1,3,0.2,0.8,3,2,5,0,5,0,6,0.07387519851185165,0.7688986113444592
S000130,10,12.0,2.3333333333333335,9.07930173526577,72.0,14.0,3,1,4,0.3,0.7,3,6,1,0,3,1,8,0.09921322193393313,0.7559784958589316
S000131,10,19.603571428571424,2.4285714285714284,14.777275547916389,137.22499999999997,17.0,2,1,3,0.5,0.5,6,2,2,0,5,1,6,0.06338229924190328,0.7534209463958246
S000132,10,19.07,1.8571428571428572,17.769415672253643,133.49,13.0,1,2,3,0.3,0.7,3,6,1,0,5,0,6,0.05327816366059147,0.931311093933629
S000133,10,18.16375,2.125,16.44121036342172,145.31,17.0,1,0,1,0.4,0.6,2,5,3,0,3,2,7,0.05733547036948954,0.9046680164204811
S000134,10,29.041666666666668,2.0,13.891125824304762,174.25,12.0,1,2,3,0.3,0.7,2,5,3,0,7,0,5,0.06715408974436546,0.47815245795323597
S000135,10,25.217857142857138,2.142857142857143,21.138321806839915,176.525,15.0,2,0,2,0.2,0.8,2,3,5,0,6,0,6,0.045170542226513184,0.8378960482906052
S000136,10,7.602500000000001,2.0,5.480385479142868,30.410000000000004,8.0,4,2,6,0.2,0.8,3,5,2,0,2,0,5,0.1543118080272388,0.7199192747642519
S000137,10,15.5675,2.3333333333333335,10.539800638532022,93.405,14.0,1,2,3,0.3,0.7,5,3,2,0,4,1,7,0.08665660970441254,0.6766041173828934
S000138,10,12.22,1.9166666666666667,13.25353839546255,73.32000000000001,11.5,2,2,4,0.3,0.7,3,4,3,0,2,1,7,0.07015801776759786,1.0836907927606336
S000139,10,15.55,2.45,16.78425320219984,155.5,24.5,0,0,0,0.3,0.7,5,2,3,0,3,2,6,0.05622951881253603,1.0786795117095012
S000140,10,10.974375,1.875,12.61528422121923,87.795,15.0,2,0,2,0.1,0.9,2,5,3,0,1,3,5,0.07344686925018531,1.1484753771806981
S000141,10,25.4425,2.5,19.820182075349358,152.655,15.0,1,2,3,0.1,0.9,5,1,4,0,6,0,5,0.04803031963798137,0.7787125852214658
S000142,10,14.989375,1.75,14.223751875321584,119.915,14.0,1,1,2,0.2,0.8,5,1,4,0,3,1,7,0.06568682990827293,0.948289637089651
S000143,10,6.375,1.6666666666666667,6.215113031956862,38.25,10.0,1,3,4,0.4,0.6,2,5,3,0,2,0,7,0.13859796729044216,0.9733928006197121
S000144,10,14.103750000000002,2.5,12.408346197505246,112.83000000000001,20.0,1,1,2,0.5,0.5,5,2,3,0,3,1,7,0.07458041321949606,0.8791672091049682
S000145,10,17.65142857142857,2.142857142857143,22.57517399605994,123.56,15.0,2,1,3,0.2,0.8,2,6,2,0,2,1,8,0.04241750241873623,1.278219024285526
S000146,10,24.93,2.1,23.39231390863247,124.65,10.5,2,3,5,0.3,0.7,4,4,2,0,4,0,6,0.04099652061488512,0.9379436210357847
S000147,10,29.418333333333333,1.5,20.1921058007001,176.51,9.0,2,2,4,0.4,0.6,3,6,1,0,4,2,6,0.04718738238683973,0.6861450688350264
S000148,10,13.24125,2.25,10.233668595213873,52.965,9.0,4,2,6,0.4,0.6,3,4,3,0,0,3,4,0.08901811474357113,0.7722794902529099
S000149,10,24.89875,2.75,20.35999416748443,199.18999999999997,22.0,0,1,1,0.6,0.4,3,2,5,0,2,5,4,0.04681649218435953,0.8173832154357176
S000150,10,12.69625,2.625,18.135697188142505,101.57,21.0,2,0,2,0.3,0.7,4,3,3,0,3,0,6,0.052258352030134195,1.427305238614265
S000151,10,27.953571428571426,2.142857142857143,25.919025945285462,195.675,15.0,0,2,2,0.1,0.9,1,3,6,0,4,2,5,0.03714844667977809,0.9268853948606516
S000152,10,5.815,2.6666666666666665,5.3392274722098145,34.89,16.0,0,4,4,0.1,0.9,4,3,3,0,2,1,5,0.1577479281795525,0.9166055746282943
S000153,10,13.76,1.8571428571428572,14.037067595002407,96.32,13.0,2,1,3,0.3,0.7,4,3,3,0,3,1,9,0.06650232790948891,1.0193948870735228
S000154,10,12.475714285714286,1.6428571428571428,20.66182135981148,87.33,11.5,1,2,3,0.3,0.7,4,2,4,0,2,0,6,0.046164169826239526,1.6548369510146494
S000155,10,9.986666666666666,2.5,9.795731042993507,59.92,15.0,0,4,4,0.2,0.8,2,2,6,0,3,0,7,0.09262920649074578,0.9798997375451992
S000156,10,10.14,2.0833333333333335,9.84522625438339,60.84,12.5,1,3,4,0.4,0.6,3,3,4,0,3,0,7,0.09220646730129979,0.9699730299885112
S000157,10,24.2,2.125,23.106978537724423,193.6,17.0,1,1,2,0.3,0.7,2,2,6,0,4,1,7,0.041481764230018474,0.9544394274153004
S000158,10,12.32,3.0,12.32523062664549,73.92,18.0,2,1,3,0.5,0.5,2,4,4,0,3,2,7,0.0750456054396817,0.999613189508961
S000159,10,18.003333333333334,2.111111111111111,6.9862937241430085,162.03,19.0,1,0,1,0.3,0.7,5,3,2,0,5,3,6,0.1252145281079438,0.3878401401263698
S000160,10,16.833333333333332,1.6666666666666667,25.020988522971408,101.0,10.0,0,4,4,0.1,0.9,3,2,5,0,1,2,5,0.038430515394032666,1.485512874904299
S000161,10,20.264000000000003,2.6,24.37902028384242,101.32000000000001,13.0,1,4,5,0.4,0.6,3,4,3,0,1,1,6,0.03940262424695137,1.2024770782204999
S000162,10,5.825,1.8333333333333333,7.316790963257049,34.95,11.0,3,1,4,0.1,0.9,3,5,2,0,1,1,6,0.12023868393686028,1.2539487512008654
S000163,10,11.168000000000001,2.0,5.011473835110785,55.84,10.0,2,2,4,0.3,0.7,3,4,3,0,2,1,6,0.1663485573470139,0.44833367642787475
S000164,10,30.23,2.0,23.867799786881626,211.61,14.0,2,1,3,0.3,0.7,8,1,1,0,3,2,6,0.04021264480854975,0.7892790934815352
S000165,10,15.481428571428571,2.0,13.35509943625958,108.37,14.0,3,0,3,0.1,0.9,2,3,5,0,2,3,6,0.06966165608536974,0.8620960536132153
S000166,10,15.044375,1.75,13.540877118008272,120.355,14.0,1,1,2,0.2,0.8,3,4,3,0,4,0,7,0.06877164230770794,0.8994645820904734
S000167,10,2.305,3.0,0.1767766952966369,4.61,6.0,6,2,8,0.1,0.9,2,3,5,0,0,0,4,0.8497788951776651,0.0763614234542708
S000168,10,20.5525,2.375,14.868968404989346,164.42,19.0,1,1,2,0.2,0.8,7,2,1,0,3,3,6,0.06301606849791137,0.7231109254706065
S000169,10,15.651428571428571,2.0,14.877448738018925,109.56,14.0,2,1,3,0.2,0.8,1,5,4,0,4,0,6,0.06298241087092767,0.9499419973194607
S000170,10,11.621875,2.375,12.509974859372935,92.975,19.0,1,1,2,0.3,0.7,3,3,4,0,3,2,7,0.07401938274564746,1.0754908266614742
S000171,10,20.641875,2.25,19.31839462745657,165.135,18.0,0,2,2,0.3,0.7,2,2,6,0,5,2,6,0.04921648675179702,0.9354305421399544
S000172,10,15.18,2.0,14.68409246186401,121.44,16.0,1,1,2,0.3,0.7,5,2,3,0,2,2,8,0.0637588692129626,0.9666946979502311
S000173,10,16.8475,2.375,10.957022210175797,134.78,19.0,2,0,2,0.0,1.0,6,4,0,0,5,1,6,0.08363286296725024,0.6499790722334745
S000174,10,14.91111111111111,2.111111111111111,12.708205463837572,134.2,19.0,0,1,1,0.2,0.8,1,6,3,0,5,0,7,0.07294900872605195,0.8516929717368246
S000175,10,8.80125,2.25,7.169626181561584,35.205,9.0,5,1,6,0.3,0.7,3,3,4,0,2,0,5,0.12240462143261187,0.8136900191870148
S000176,10,15.711111111111112,1.8888888888888888,15.702453983728502,141.4,17.0,1,0,1,0.3,0.7,6,2,2,0,4,3,5,0.05987144170396745,0.9988132437172699
S000177,10,11.803333333333333,1.6666666666666667,16.68236753781269,70.82,10.0,2,2,4,0.4,0.6,3,2,5,0,1,1,7,0.05655351286311403,1.4121642949615711
S000178,10,3.2883333333333336,2.3333333333333335,1.9091512075614474,9.865,7.0,4,3,7,0.3,0.7,4,3,3,0,0,1,5,0.34374287503544204,0.5788230038084227
S000179,10,15.511666666666665,2.0,13.308244155409835,139.605,18.0,0,1,1,0.5,0.5,5,4,1,0,6,1,7,0.06988977746943939,0.8573978839520994
S000180,10,7.03,2.7142857142857144,8.87167778194557,49.209999999999994,19.0,1,1,2,0.1,0.9,2,3,5,0,1,0,6,0.10129990282188019,1.2601815031172685
S000181,10,8.013333333333334,1.3333333333333333,6.7680415680362565,48.08,8.0,2,2,4,0.7,0.3,4,3,3,0,2,1,6,0.12873257580324687,0.8435448568387524
S000182,10,10.73,2.0,7.67762333017191,53.650000000000006,10.0,3,1,4,0.4,0.6,3,2,5,0,3,0,7,0.11523892682954116,0.7148625074647961
S000183,10,19.61642857142857,1.5714285714285714,20.091507889795487,137.315,11.0,2,0,2,0.2,0.8,3,3,4,0,4,0,6,0.04741244700118482,1.0236965842600605
S000184,10,16.101999999999997,1.6,13.965449151387864,80.50999999999999,8.0,1,4,5,0.5,0.5,4,4,2,0,2,1,7,0.06682058051744222,0.8667731598428416
S000185,10,8.056875,2.25,9.066862324460116,64.455,18.0,2,0,2,0.6,0.4,4,1,5,0,3,0,6,0.09933581763309053,1.1239621692985347
S000186,10,24.89125,2.4375,20.532574424557676,199.13,19.5,1,0,1,0.3,0.7,3,2,5,0,5,1,7,0.04644126523299093,0.8245599889386146
S000187,10,13.773333333333333,2.0,23.387421120479843,82.64,12.0,1,3,4,0.4,0.6,3,3,4,0,2,1,7,0.041004745645706234,1.6967899240976911
S000188,10,23.079999999999995,3.0,17.447303516589603,115.39999999999998,15.0,4,1,5,0.1,0.9,1,6,3,0,3,0,5,0.054208464619270945,0.7556216334599223
S000189,10,11.416999999999998,1.2,6.5612209229685305,57.084999999999994,6.0,4,1,5,0.1,0.9,4,5,1,0,3,1,6,0.1322537735886443,0.5741857813046759
S000190,10,19.617142857142856,1.7142857142857142,13.133442953373796,137.32,12.0,0,2,2,0.5,0.5,5,2,3,0,2,3,6,0.07075416820225604,0.6691469588297297
S000191,10,27.113571428571426,1.8571428571428572,18.552302353590715,189.795,13.0,2,1,3,0.4,0.6,4,2,4,0,3,1,7,0.051144871939664605,0.6839918704086325
S000192,10,21.974999999999998,2.3333333333333335,20.20716382870194,131.85,14.0,2,1,3,0.5,0.5,2,4,4,0,5,1,7,0.0471538772500353,0.9191341291199427
S000193,10,14.07,1.4375,15.172275467349744,112.56,11.5,0,2,2,0.3,0.7,2,5,3,0,2,1,7,0.06183421757927035,1.0775763826242715
S000194,10,21.554285714285715,2.4285714285714284,21.666231680615233,150.88,17.0,0,2,2,0.2,0.8,6,3,1,0,5,0,6,0.04411849371747253,1.0047275373587718
S000195,10,10.975555555555555,2.2222222222222223,10.193027164575682,98.78,20.0,1,0,1,0.2,0.8,3,2,5,0,4,0,5,0.08934133593143202,0.9278572315280786
S000196,10,18.203333333333333,1.6666666666666667,16.55236015396797,109.22,10.0,2,2,4,0.5,0.5,8,0,2,0,3,1,7,0.056972395235061035,0.9088045472529998
S000197,10,27.275000000000002,2.25,13.58069848824321,218.20000000000002,18.0,2,0,2,0.1,0.9,3,2,5,0,4,3,5,0.06858381995940219,0.4977349638351918
S000198,10,16.31,1.6666666666666667,16.27031710662088,146.79,15.0,0,1,1,0.1,0.9,5,4,1,0,4,2,6,0.057902816365579785,0.9969557050625539
S000199,10,24.976249999999997,2.25,22.7356378134794,199.80999999999997,18.0,0,2,2,0.3,0.7,3,1,6,0,5,1,5,0.042130740612839265,0.9099259718236791
S000200,10,10.717500000000001,2.0,6.216688944170476,85.74000000000001,16.0,2,0,2,0.6,0.4,5,3,2,0,4,1,8,0.1385677015784065,0.5795095729825659
S000201,10,25.087142857142855,1.2857142857142858,17.16392992517129,175.60999999999999,9.0,1,2,3,0.3,0.7,6,0,4,0,4,2,7,0.055054165267077786,0.6838997579473988
S000202,10,11.4575,2.25,11.08916266322343,91.66,18.0,0,2,2,0.3,0.7,6,1,3,0,2,1,6,0.08271871492325193,0.9670078625004082
S000203,10,18.107999999999997,1.4,13.930540908378251,90.53999999999999,7.0,3,2,5,0.2,0.8,1,6,3,0,2,1,7,0.06697680989165312,0.768878513543341
S000204,10,10.947222222222223,2.5555555555555554,9.873163471980217,98.525,23.0,1,0,1,0.3,0.7,4,3,3,0,5,0,6,0.09196955445183612,0.901064455182497
S000205,10,24.346666666666668,2.5,18.6645907178986,146.08,15.0,2,2,4,0.1,0.9,2,2,6,0,4,1,6,0.05085282548442799,0.7663031634555331
S000206,10,12.25,2.3333333333333335,11.794366451827756,73.5,14.0,0,4,4,0.2,0.8,3,3,4,0,3,0,4,0.07815939958927343,0.9620201021066686
S000207,10,25.871000000000002,2.0,19.36150575239436,129.35500000000002,10.0,2,3,5,0.5,0.5,3,5,2,0,4,1,5,0.04911228138824691,0.748097281882244
S000208,10,15.460000000000003,1.8571428571428572,17.75143374491199,108.22,13.0,0,2,2,0.3,0.7,2,4,4,0,4,0,7,0.05332925543740568,1.1474747087855195
S000209,10,10.257142857142858,2.0,12.780308374325603,71.80000000000001,14.0,0,3,3,0.3,0.7,2,6,2,0,3,1,8,0.07256731655317106,1.2447774957601117
S000210,10,19.979999999999997,1.8571428571428572,26.167526312843048,139.86,13.0,0,2,2,0.2,0.8,3,6,1,0,4,1,7,0.036808651199401424,1.3090308310576813
S000211,10,17.571666666666662,1.8333333333333333,17.322283240573878,105.42999999999998,11.0,1,3,4,0.5,0.5,5,5,0,0,3,0,5,0.05457835068205608,0.9852469375622646
S000212,10,18.269,2.6,17.48943338133057,91.345,13.0,2,3,5,0.5,0.5,3,1,6,0,3,1,7,0.05408494567549783,0.9568047147727212
S000213,10,28.61875,2.25,21.512410662220077,228.95,18.0,2,0,2,0.2,0.8,4,3,3,0,3,3,6,0.04441994307069842,0.7514268231138306
S000214,10,28.424374999999998,1.75,18.30422890979412,227.39499999999998,14.0,1,1,2,0.4,0.6,3,3,4,0,5,0,8,0.0518021209069192,0.6437359326446992
S000215,10,21.708333333333332,1.8333333333333333,17.516596035379326,130.25,11.0,1,3,4,0.1,0.9,3,4,3,0,3,1,7,0.05400560654287203,0.8065350027801086
S000216,10,27.468333333333334,2.6666666666666665,12.154162112900533,164.81,16.0,1,2,3,0.6,0.4,4,4,2,0,5,1,5,0.076021565753647,0.44231802436709644
S000217,10,19.405833333333334,2.3333333333333335,14.432901446579155,116.435,14.0,3,1,4,0.3,0.7,1,3,6,0,3,2,7,0.06479662968505895,0.7433573001371296
S000218,10,19.223750000000003,2.125,18.123868191263306,153.79000000000002,17.0,2,0,2,0.2,0.8,1,2,7,0,4,1,5,0.05229067623760593,0.9422950902067097
S000219,10,25.18,2.2,7.144991252618858,125.9,11.0,2,3,5,0.2,0.8,5,2,3,0,3,2,5,0.1227748402649874,0.283643956038859
S000220,10,15.30142857142857,2.5714285714285716,23.798378396136876,107.10999999999999,18.0,0,2,2,0.3,0.7,4,1,5,0,3,1,7,0.04032521740033539,1.5542885685105257
S000221,10,10.89,2.142857142857143,15.644950197001803,76.23,15.0,0,3,3,0.3,0.7,4,2,4,0,2,1,6,0.060078281290389585,1.4353165318350278
S000222,10,22.729375000000005,1.875,23.30462070024189,181.83500000000004,15.0,1,1,2,0.1,0.9,3,3,4,0,6,0,7,0.041144439665748316,1.0248575741524069
S000223,10,11.153333333333334,1.6666666666666667,11.446097442651213,66.92,10.0,4,0,4,0.2,0.8,2,3,5,0,3,0,5,0.08034647041835986,1.0253297201538858
S000224,10,21.05666666666667,2.1666666666666665,14.837236490218341,126.34,13.0,2,2,4,0.5,0.5,4,3,3,0,4,2,5,0.0631423291947201,0.7042992004850477
S000225,10,13.25,1.6,14.567609618602498,66.25,8.0,3,2,5,0.2,0.8,3,6,1,0,2,0,6,0.06423593759732073,1.0986130934089364
S000226,10,6.4835714285714285,1.7857142857142858,4.542265141870036,45.385,12.5,2,1,3,0.6,0.4,2,4,4,0,2,1,6,0.18043164200956766,0.6995018368296173
S000227,10,11.412222222222223,1.7222222222222223,10.064612235175503,102.71000000000001,15.5,1,0,1,0.2,0.8,6,2,2,0,3,1,6,0.09037822372309628,0.881143094519256
S000228,10,17.78571428571429,1.7142857142857142,17.997451539169703,124.50000000000001,12.0,1,2,3,0.3,0.7,3,4,3,0,4,0,7,0.05263863934265921,1.0113362830070474
S000229,10,31.651874999999997,2.375,16.710712119882007,253.21499999999997,19.0,1,1,2,0.2,0.8,4,4,2,0,3,4,6,0.056463003476715214,0.5277865609627355
S000230,10,11.06,2.5,14.580629616035106,66.36,15.0,2,2,4,0.1,0.9,6,0,4,0,1,1,6,0.06418225865345202,1.3171300466156373
S000231,10,26.869999999999997,2.4285714285714284,22.394965207980714,188.08999999999997,17.0,1,1,2,0.6,0.4,4,4,2,0,5,0,7,0.042744239673366574,0.8331460270826159
S000232,10,8.362499999999999,2.0625,9.324218465909087,66.89999999999999,16.5,0,2,2,0.2,0.8,3,5,2,0,3,0,6,0.09685963187451266,1.1136719577078638
S000233,10,10.472,2.3,10.89346674744903,104.72,23.0,0,0,0,0.3,0.7,2,6,2,0,4,3,6,0.0840797743193325,1.0392546028858072
S000234,10,17.22,2.0714285714285716,16.760646367806544,120.53999999999999,14.5,1,2,3,0.6,0.4,4,3,3,0,4,0,5,0.05630425713630719,0.9727595106097819
S000235,10,14.502499999999998,1.25,11.516647009148683,58.00999999999999,5.0,3,3,6,0.4,0.6,6,1,3,0,2,1,6,0.07989360083967206,0.7935674080378077
S000236,10,29.543333333333333,2.5,21.605223133924508,177.26,15.0,2,2,4,0.3,0.7,2,6,2,0,3,2,7,0.04423756377344767,0.7310587570694058
S000237,10,7.936428571428571,2.0,7.339828968423874,55.555,14.0,2,1,3,0.4,0.6,7,0,3,0,2,2,7,0.11990653570788849,0.9236638701836786
S000238,10,27.12125,2.375,21.301185371107536,216.96999999999997,19.0,0,1,1,0.2,0.8,3,5,2,0,4,2,6,0.04484066579239135,0.7851162541758133
S000239,10,23.55666666666667,2.5,14.28562867593396,141.34,15.0,2,1,3,0.3,0.7,2,4,4,0,3,2,6,0.06542092714671413,0.6061794346223744
S000240,10,28.287142857142857,2.5714285714285716,30.01936914409635,198.01,18.0,0,2,2,0.3,0.7,3,5,2,0,5,0,6,0.03223792190468585,1.0608621971358765
S000241,10,13.817222222222222,2.2222222222222223,19.413972917577805,124.355,20.0,0,0,0,0.4,0.6,4,3,3,0,4,0,6,0.04898605499466165,1.4040399876105931
S000242,10,17.728,1.9,12.43628792220374,177.28000000000003,19.0,0,0,0,0.3,0.7,3,4,3,0,7,0,6,0.07442531789955763,0.7011099290902998
S000243,10,17.26142857142857,2.2857142857142856,18.695205426856933,120.83,16.0,1,2,3,0.3,0.7,3,4,3,0,4,0,7,0.05077377860889798,1.0824353845161168
S000244,10,20.408749999999998,2.1875,9.714780252643026,163.26999999999998,17.5,1,1,2,0.2,0.8,4,1,5,0,6,1,7,0.09332902555358791,0.4757774228414093
S000245,10,13.678999999999998,2.4,12.960291470487844,68.395,12.0,2,3,5,0.5,0.5,3,4,3,0,2,2,5,0.07163174222501065,0.9467668544442871
S000246,10,7.236,1.6,9.591987802327523,36.18,8.0,2,3,5,0.4,0.6,3,4,3,0,0,2,5,0.09441098485595463,1.3237631524051234
S000247,10,26.3325,2.375,18.837817397079583,210.66,19.0,0,2,2,0.1,0.9,3,4,3,0,5,1,5,0.050408771286866196,0.7151112231974787
S000248,10,13.178571428571429,1.5714285714285714,15.710587118852292,92.25,11.0,2,1,3,0.2,0.8,6,3,1,0,2,0,7,0.059842301942331845,1.1912273595316947
S000249,10,20.942857142857143,2.142857142857143,24.628419027812644,146.6,15.0,0,3,3,0.3,0.7,2,2,6,0,2,2,5,0.03901918409070701,1.1754205576783834
S000250,10,14.931999999999999,1.7,12.132605106351507,149.32,17.0,0,0,0,0.4,0.6,2,4,4,0,4,2,4,0.07614635420023068,0.8119799964095508
S000251,10,15.891666666666666,1.8333333333333333,20.627480133711597,95.35,11.0,3,1,4,0.1,0.9,4,3,3,0,0,2,6,0.046237471671110725,1.2971898207972916
S000252,10,9.290000000000001,2.5714285714285716,13.183044666034728,65.03,18.0,0,3,3,0.1,0.9,2,4,4,0,0,2,5,0.07050672288967544,1.4175316845198631
S000253,10,16.00357142857143,1.8571428571428572,13.510627518823133,112.025,13.0,1,2,3,0.3,0.7,2,5,3,0,6,0,6,0.06891500720439579,0.8436985827357323
S000254,10,15.398571428571431,2.2857142857142856,19.050556797262235,107.79000000000002,16.0,3,0,3,0.3,0.7,6,1,3,0,2,1,6,0.04987392669995793,1.2363610011203006
S000255,10,21.412857142857142,2.2857142857142856,11.956049674099042,149.89,16.0,2,1,3,0.5,0.5,2,4,4,0,4,2,6,0.07718402021868905,0.5580978108741884
S000256,10,15.152857142857144,2.5714285714285716,24.720249266735237,106.07000000000002,18.0,2,0,2,0.3,0.7,1,8,1,0,1,2,5,0.038879872027264124,1.630316043594749
S000257,10,14.118571428571427,2.0,13.531546386834272,98.82999999999998,14.0,3,0,3,0.3,0.7,3,4,3,0,1,3,5,0.06881580069867926,0.9577434247506564
S000258,10,13.357,2.1,15.367207618822622,66.785,10.5,1,3,4,0.4,0.6,1,7,2,0,2,1,7,0.061097776926222876,1.1496377361279737
S000259,10,18.701428571428572,1.5714285714285714,13.865119819859029,130.91,11.0,3,0,3,0.1,0.9,3,4,3,0,3,2,6,0.0672715734631383,0.7409973945565216
S000260,10,28.316666666666663,2.1666666666666665,11.407405781625666,169.89999999999998,13.0,3,0,3,0.6,0.4,4,2,4,0,4,3,4,0.08059702548625569,0.40270907678132506
S000261,10,15.37583333333333,2.6666666666666665,16.212480506284862,92.25499999999998,16.0,3,1,4,0.3,0.7,3,5,2,0,4,0,7,0.05809737879644169,1.0537278127900036
S000262,10,14.810555555555558,1.8888888888888888,14.08674741655354,133.29500000000002,17.0,1,0,1,0.3,0.7,4,3,3,0,4,3,6,0.06628333943622441,0.9504871368518336
S000263,10,14.33888888888889,2.3333333333333335,21.00774764488357,129.05,21.0,0,1,1,0.2,0.8,5,2,3,0,3,0,7,0.04543854355911261,1.4640679015328488
S000264,10,17.365,2.5,17.244431854949585,104.19000000000001,15.0,2,1,3,0.0,1.0,4,3,3,0,3,0,8,0.05481124366877487,0.9924852866158035
S000265,10,14.480833333333335,1.5,12.303184310033995,86.885,9.0,2,2,4,0.2,0.8,2,3,5,0,3,1,7,0.07516997259413634,0.8490322141607218
S000266,10,24.631428571428568,2.2857142857142856,20.174627157704325,172.42,16.0,0,3,3,0.2,0.8,3,5,2,0,4,0,6,0.04722633331638867,0.8187279848334993
S000267,10,5.0600000000000005,1.8,5.17117008035899,25.3,9.0,2,3,5,0.2,0.8,2,4,4,0,1,0,6,0.16204382426319838,1.0199546509583806
S000268,10,13.393333333333333,2.0,21.148690424389564,80.36,12.0,1,3,4,0.2,0.8,2,3,5,0,2,0,6,0.045149396232421306,1.5778679749606739
S000269,10,12.650714285714287,1.7142857142857142,10.340196818150767,88.555,12.0,1,2,3,0.3,0.7,2,5,3,0,2,2,7,0.08818189102321672,0.8167151224491438
S000270,10,17.76142857142857,2.142857142857143,20.789047139115855,124.33,15.0,1,2,3,0.4,0.6,2,3,5,0,3,0,8,0.04589461822792575,1.1698016878923712
S000271,10,17.525,2.055555555555556,16.94998259586127,105.14999999999999,12.333333333333334,1,3,4,0.4,0.6,4,3,3,0,0,3,5,0.0557103604228881,0.9666371597297561
S000272,10,23.849285714285713,2.142857142857143,26.491935632781317,166.945,15.0,1,1,2,0.2,0.8,5,2,3,0,4,1,8,0.03637430311773328,1.110340684546114
S000273,10,24.09,2.0,14.416848476695593,144.54,12.0,4,0,4,0.2,0.8,1,4,5,0,4,1,6,0.06486409991715358,0.598209480360813
S000274,10,19.505999999999997,1.8,20.742044981148798,97.52999999999999,9.0,4,0,4,0.4,0.6,1,2,7,0,3,1,5,0.045993833646606794,1.0628225548856733
S000275,10,15.014166666666666,2.3333333333333335,13.160358816030307,90.085,14.0,0,3,3,0.1,0.9,1,6,3,0,3,3,6,0.0706196794157465,0.8759460080557085
S000276,10,5.60125,2.25,4.11510707637116,22.405,9.0,1,4,5,0.6,0.4,4,2,4,0,1,1,6,0.1954993287666298,0.7333672668961747
S000277,10,12.02375,2.5,14.091974096221273,96.19,20.0,1,0,1,0.3,0.7,3,4,3,0,3,2,7,0.06626038407065514,1.1710376313469428
S000278,10,32.2925,2.25,19.608045724723745,258.34,18.0,0,2,2,0.5,0.5,1,4,5,0,5,2,6,0.048524737054532384,0.6070132567053246
S000279,10,12.798124999999999,2.5,13.780093804755364,102.38499999999999,20.0,2,0,2,0.3,0.7,3,3,4,0,3,1,7,0.06765856923575539,1.075886892480778
S000280,10,15.372,2.2,6.15991639553655,76.86,11.0,1,4,5,0.4,0.6,2,3,5,0,3,2,5,0.13966643529851747,0.40046264435941686
S000281,10,19.684285714285714,1.7142857142857142,19.0041187265137,137.79,12.0,1,2,3,0.1,0.9,4,2,4,0,4,0,6,0.049989705303767666,0.9649559776990851
S000282,10,17.008000000000003,2.6,13.14669616291485,85.04,13.0,3,2,5,0.0,1.0,3,3,4,0,4,0,5,0.07068788277375114,0.7725171091147518
S000283,10,12.74375,2.0,10.110640699636342,101.94999999999999,16.0,0,1,1,0.2,0.8,5,2,3,0,6,0,5,0.09000381049427066,0.7927582632273913
S000284,10,16.71125,2.25,12.467982351951395,133.69,18.0,0,2,2,0.3,0.7,1,5,4,0,4,1,8,0.0742501715451913,0.745636980007559
S000285,10,35.443333333333335,1.8333333333333333,24.635837851931623,212.66,11.0,2,1,3,0.4,0.6,3,3,4,0,5,2,6,0.03900789222399655,0.6948807216603504
S000286,10,13.712619047619047,2.5714285714285716,7.843696918494897,95.98833333333333,18.0,2,0,2,0.3,0.7,4,5,1,0,4,2,5,0.11307488363929476,0.5715889139876562
S000287,10,15.719999999999999,2.1666666666666665,13.05938130234354,94.32,13.0,2,2,4,0.4,0.6,6,3,1,0,3,1,6,0.07112688520890398,0.830221316105756
S000288,10,10.122857142857143,1.6428571428571428,16.829229249815846,70.86,11.5,2,1,3,0.2,0.8,4,3,3,0,2,0,7,0.056087674121433416,1.6608572500875642
S000289,10,7.5131250000000005,1.75,9.666711265804341,60.105000000000004,14.0,1,1,2,0.5,0.5,3,2,5,0,3,0,6,0.09374960801703047,1.284932958817558
S000290,10,21.345,1.6666666666666667,12.590623098163173,128.07,10.0,1,3,4,0.4,0.6,2,5,3,0,4,1,7,0.07358014366060626,0.5895866587760793
S000291,10,17.323,1.7,9.018793988111714,86.615,8.5,4,1,5,0.4,0.6,3,6,1,0,4,0,6,0.09981241267028731,0.5203250440265224
S000292,10,7.992,2.533333333333333,8.633085775086448,39.96,12.666666666666666,2,2,4,0.4,0.6,4,2,4,0,2,1,6,0.10380889606383951,1.0788660053844599
S000293,10,7.651249999999999,2.5,10.602946426190536,30.604999999999997,10.0,3,3,6,0.4,0.6,4,2,4,0,2,0,4,0.08618500536577231,1.3839708175807521
S000294,10,30.209166666666665,2.1666666666666665,21.85366889487133,181.255,13.0,2,1,3,0.3,0.7,4,4,2,0,4,2,7,0.043756650391675776,0.7231724532952485
S000295,10,9.81625,2.125,7.186753563725021,78.53,17.0,1,1,2,0.5,0.5,2,5,3,0,2,2,6,0.12214854059256601,0.731383138402241
S000296,10,8.22,1.875,7.5519533896866715,65.76,15.0,1,1,2,0.2,0.8,7,1,2,0,1,3,7,0.11693234918772613,0.9176128055512358
S000297,10,21.594,2.4,14.478678461793397,107.97,12.0,2,2,4,0.6,0.4,2,4,4,0,3,1,7,0.06460499857712902,0.6701850796978983
S000298,10,14.317142857142859,2.0,16.455500310722567,100.22000000000001,14.0,2,1,3,0.1,0.9,4,3,3,0,3,1,8,0.05728853268019593,1.148554214528447
S000299,10,14.336875,2.25,13.243583604766068,114.695,18.0,2,0,2,0.1,0.9,3,4,3,0,4,1,5,0.07020705096050325,0.9230988354443785
S000300,10,15.129999999999999,2.75,14.099070891374366,60.519999999999996,11.0,1,5,6,0.5,0.5,4,2,4,0,1,1,5,0.06622924067276677,0.9312464261145552
S000301,10,7.188888888888887,1.4444444444444444,7.024482978206375,64.69999999999999,13.0,1,0,1,0.2,0.8,7,1,2,0,2,2,4,0.12461862062838085,0.9757732181487482
S000302,10,24.242,1.8,21.392086620991417,121.21000000000001,9.0,1,4,5,0.5,0.5,1,4,5,0,2,2,6,0.04465863395966645,0.8820751534302909
S000303,10,18.596666666666668,2.3333333333333335,17.757279821714437,111.58000000000001,14.0,2,2,4,0.2,0.8,0,4,6,0,3,1,7,0.05331263432144069,0.9543504024568847
S000304,10,12.684999999999999,1.6,14.16421370920391,63.42499999999999,8.0,3,2,5,0.3,0.7,7,1,2,0,3,0,6,0.06594473140358413,1.1157316824894772
S000305,10,12.340000000000002,2.142857142857143,11.428896126339879,86.38,15.0,0,2,2,0.4,0.6,3,2,5,0,2,1,6,0.08045766814968827,0.9254166903918929
S000306,10,21.1075,1.75,14.380115984034541,168.86,14.0,0,2,2,0.3,0.7,2,4,4,0,4,3,6,0.06501901552875534,0.6809573095316462
S000307,10,14.090833333333334,2.0,11.587930107084123,84.545,12.0,0,3,3,0.2,0.8,2,2,6,0,4,1,6,0.07944117829485159,0.8217904455115506
S000308,10,26.212,2.0,14.412635775596359,131.06,10.0,0,5,5,0.0,1.0,4,3,3,0,3,1,4,0.06488182907581277,0.5496390731292944
S000309,10,16.526,2.0,13.345751383867452,82.63,10.0,2,2,4,0.6,0.4,6,2,2,0,3,0,7,0.06970704937244014,0.8070725316804215
S000310,10,4.624285714285714,2.2857142857142856,5.8277092616306145,32.37,16.0,0,3,3,0.3,0.7,3,4,3,0,2,0,5,0.1464620067552755,1.257520494186631
S000311,10,14.500714285714285,2.142857142857143,10.026608943444534,101.505,15.0,0,3,3,0.4,0.6,5,3,2,0,2,2,5,0.090689712959714,0.6909796958317671
S000312,10,11.183333333333332,2.6666666666666665,15.354720229731745,33.55,8.0,3,3,6,0.2,0.8,2,6,2,0,2,0,5,0.061144427171677895,1.3717736953304123
S000313,10,20.16,2.25,19.590194826324044,80.64,9.0,4,1,5,0.4,0.6,3,4,3,0,2,0,6,0.04856680611499243,0.9712540816224117
S000314,10,28.483333333333334,1.5,16.071232269700623,170.9,9.0,4,0,4,0.4,0.6,2,3,5,0,4,1,5,0.058578079438054355,0.5640348246268351
S000315,10,7.07142857142857,2.0,5.736472285796759,49.49999999999999,14.0,1,2,3,0.0,1.0,3,3,4,0,1,2,7,0.1484456489353351,0.8100727456239121
S000316,10,11.182500000000001,2.0,10.65558187055029,44.730000000000004,8.0,2,4,6,0.3,0.7,5,4,1,0,2,0,5,0.08579580248384353,0.952028757699378
S000317,10,13.159999999999998,1.5,14.05268230623606,78.96,9.0,1,3,4,0.2,0.8,5,2,3,0,2,1,8,0.0664333425535539,1.0670221948546743
S000318,10,12.834285714285715,1.4285714285714286,10.978906832562851,89.84,10.0,3,0,3,0.2,0.8,4,1,5,0,3,1,5,0.08348007159398309,0.8547697456116111
S000319,10,10.5,1.8333333333333333,12.806646711766511,63.0,11.0,2,2,4,0.4,0.6,4,4,2,0,1,2,5,0.07242888305005768,1.2185201438407718
S000320,10,30.18285714285714,2.142857142857143,19.92766813108993,211.27999999999997,15.0,2,0,2,0.6,0.4,2,3,5,0,4,2,6,0.04778363235387942,0.6600126658037829
S000321,10,18.508333333333336,2.0,16.243406559791165,111.05000000000001,12.0,2,1,3,0.5,0.5,1,4,5,0,4,1,8,0.057993181134627904,0.8771527257559802
S000322,10,15.96142857142857,2.7142857142857144,14.729635013096814,111.72999999999999,19.0,2,1,3,0.6,0.4,5,2,3,0,5,1,7,0.06357426597421871,0.9222490616429133
S000323,10,12.65142857142857,2.0,13.25212112402065,88.55999999999999,14.0,2,1,3,0.1,0.9,7,2,1,0,3,1,7,0.07016499448033676,1.0466529151319481
S000324,10,11.35125,1.5,13.91967306420254,90.81,12.0,0,2,2,0.3,0.7,2,5,3,0,2,1,6,0.06702559739055852,1.2251885192388636
S000325,10,9.85125,2.625,11.039796112894736,78.81,21.0,2,0,2,0.2,0.8,4,2,4,0,4,0,5,0.08305788491957854,1.119512852112535
S000326,10,20.411,2.2,13.493444045988488,204.11,22.0,0,0,0,0.3,0.7,5,1,4,0,6,2,6,0.06899671305363622,0.6607631382394832
S000327,10,18.9485,2.3,17.732942046121707,189.48499999999999,23.0,0,0,0,0.1,0.9,3,4,3,0,7,0,5,0.05338189791747264,0.9353557531514469
S000328,10,26.39428571428571,2.4285714285714284,18.057761818806945,184.76,17.0,0,2,2,0.1,0.9,5,5,0,0,5,0,5,0.05247205886544142,0.6838951075672165
S000329,10,16.266666666666666,1.6666666666666667,11.433262730588616,97.6,10.0,4,0,4,0.3,0.7,7,1,2,0,5,1,5,0.08042941114240075,0.7024326887521165
S000330,10,23.67142857142857,2.2857142857142856,22.652986137645982,165.7,16.0,3,0,3,0.2,0.8,2,3,5,0,3,1,6,0.04227795992356351,0.9565717739248469
S000331,10,11.374285714285715,2.0714285714285716,12.153077603557678,79.62,14.5,1,1,2,0.1,0.9,4,2,4,0,2,1,6,0.07602783395191992,1.067530972831017
S000332,10,11.2225,2.25,10.79309666936629,89.78,18.0,0,1,1,0.2,0.8,2,4,4,0,4,1,6,0.08479537037948623,0.9608810745040098
S000333,10,5.276,2.4,4.086475253809816,26.38,12.0,2,3,5,0.1,0.9,2,3,5,0,1,0,5,0.19659979653906523,0.7730751520639078
S000334,10,13.624285714285715,2.142857142857143,18.356279449771275,95.37,15.0,2,1,3,0.1,0.9,4,3,3,0,2,1,6,0.05166282097729358,1.346332315050282
S000335,10,19.184285714285714,2.0,17.945750524978383,134.29,14.0,1,2,3,0.2,0.8,2,3,5,0,3,1,6,0.05278228480215571,0.9349527662611541
S000336,10,20.024285714285714,1.4285714285714286,19.14033947551859,140.17,10.0,1,2,3,0.2,0.8,2,3,5,0,4,1,7,0.0496515960525661,0.9553791808943962
S000337,10,19.25875,1.75,20.41349374276031,154.07,14.0,1,1,2,0.6,0.4,4,3,3,0,3,1,8,0.046699525636169956,1.059409341174716
S000338,10,14.225,2.6,17.433778993666287,71.125,13.0,1,3,4,0.6,0.4,5,1,4,0,2,1,7,0.054248236367789415,1.2247122580727985
S000339,10,21.07875,2.0,24.341663100536085,168.63,16.0,2,0,2,0.3,0.7,6,2,2,0,2,2,6,0.039460709268873746,1.154248739282133
S000340,10,18.07166666666667,2.6666666666666665,16.873988759823998,108.43,16.0,2,0,2,0.1,0.9,2,5,3,0,2,2,7,0.055947221039309124,0.9332098125075488
S000341,10,24.316666666666666,2.0,34.313138397218445,145.9,12.0,0,4,4,0.1,0.9,4,3,3,0,1,2,5,0.028318072122379478,1.4105154178083767
S000342,10,7.026666666666667,2.5,5.640938456202715,42.160000000000004,15.0,1,3,4,0.3,0.7,2,4,4,0,1,0,5,0.15058112744080443,0.8016492358412195
S000343,10,16.876875,2.5,16.670941985875558,135.015,20.0,0,1,1,0.2,0.8,3,2,5,0,4,1,6,0.05659007883107212,0.9872129678152742
S000344,10,11.387142857142857,2.142857142857143,11.323444285030526,79.71,15.0,1,2,3,0.2,0.8,5,3,2,0,3,0,6,0.08114614525540681,0.9935335923190484
S000345,10,19.85875,2.5,19.346194485516484,158.87,20.0,1,1,2,0.3,0.7,3,5,2,0,4,0,8,0.04914924020370757,0.9736996280851328
S000346,10,25.897999999999996,2.4,25.02043504817612,129.48999999999998,12.0,3,1,4,0.2,0.8,2,4,4,0,1,3,6,0.03843133284084326,0.9657416646663627
S000347,10,12.918333333333331,2.1666666666666665,11.118272197903174,77.50999999999999,13.0,2,1,3,0.0,1.0,0,5,5,0,3,0,7,0.08252001470746219,0.8599926928892492
S000348,10,22.96333333333334,2.6666666666666665,17.56444097222188,137.78,16.0,2,0,2,0.0,1.0,5,0,5,0,2,2,7,0.053866421374945135,0.7645577904333376
S000349,10,18.38642857142857,1.7142857142857142,21.584537041264383,128.70499999999998,12.0,0,3,3,0.2,0.8,3,3,4,0,4,0,7,0.044278082750728615,1.17330040216541
S000350,10,10.063333333333334,2.0,12.863314762014753,60.38,12.0,3,1,4,0.2,0.8,7,1,2,0,2,0,5,0.07213282084166357,1.2769670511596378
S000351,10,20.428333333333335,1.9166666666666667,22.85436974993331,122.57000000000001,11.5,1,3,4,0.2,0.8,3,4,3,0,1,2,6,0.04192104048369569,1.1182110291086995
S000352,10,12.221428571428573,2.2857142857142856,8.907956047959653,85.55000000000001,16.0,2,1,3,0.4,0.6,6,3,1,0,3,2,8,0.1009289903143979,0.728284189858883
S000353,10,15.24111111111111,2.2777777777777777,19.702207011172916,137.17,20.5,0,1,1,0.3,0.7,6,2,2,0,2,1,6,0.048304028621697345,1.2918538765886367
S000354,10,17.58857142857143,2.142857142857143,18.11651955957272,123.11999999999999,15.0,1,1,2,0.4,0.6,3,5,2,0,2,2,7,0.05231077743433917,1.029431259980591
S000355,10,17.658571428571427,2.142857142857143,12.35224328960996,123.61,15.0,1,2,3,0.4,0.6,4,2,4,0,5,0,7,0.07489378213907691,0.6991082068828406
S000356,10,12.88375,2.25,13.992879758240312,103.07,18.0,1,1,2,0.5,0.5,5,0,5,0,2,2,6,0.06669832721431551,1.0852451581766602
S000357,10,23.428571428571427,2.142857142857143,20.268586061992114,164.0,15.0,0,3,3,0.3,0.7,4,3,3,0,4,1,6,0.04701770005233415,0.8647534737242932
S000358,10,4.149,2.5,3.120393315664621,41.49,25.0,0,0,0,0.3,0.7,1,4,5,0,1,1,5,0.2426952777052303,0.7502749015784134
S000359,10,12.950625,1.75,14.54852973364368,103.605,14.0,1,1,2,0.4,0.6,3,4,3,0,3,2,7,0.06431476269014778,1.1225176049491192
S000360,10,34.48285714285714,2.357142857142857,32.645389523527776,241.38,16.5,2,1,3,0.3,0.7,6,1,3,0,3,1,7,0.029721754277825,0.9464391247243505
S000361,10,20.577777777777776,2.2222222222222223,18.556328959264665,185.2,20.0,0,1,1,0.3,0.7,4,3,3,0,4,1,6,0.05113434132157291,0.901327436091435
S000362,10,5.1328571428571435,1.7857142857142858,5.401005197447707,35.93,12.5,1,1,2,0.3,0.7,2,5,3,0,1,0,6,0.15622546290053524,1.0501954550592763
S000363,10,13.616,1.6,9.813428554791642,68.08,8.0,2,3,5,0.4,0.6,2,5,3,0,2,1,7,0.09247760735024974,0.7201987784229886
S000364,10,10.7525,2.0625,14.028824153964479,86.02,16.5,1,1,2,0.3,0.7,2,3,5,0,3,0,6,0.06653880501597381,1.3034912105890342
S000365,10,13.125,1.5,16.716983665037866,105.0,12.0,2,0,2,0.3,0.7,3,2,5,0,2,2,6,0.05644301642459423,1.272705265705205
S000366,10,10.785625,2.5,11.245485264731162,86.285,20.0,1,0,1,0.4,0.6,1,5,4,0,3,0,6,0.08166274985280904,1.0416706086707497
S000367,10,30.496000000000002,2.6,42.536564623862134,152.48000000000002,13.0,2,2,4,0.3,0.7,6,3,1,0,4,0,6,0.022969198618209438,1.3943671613407895
S000368,10,19.721666666666664,2.1666666666666665,17.041684678067092,118.32999999999998,13.0,1,3,4,0.1,0.9,4,3,3,0,3,1,7,0.05542719639788847,0.8636718309688535
S000369,10,9.883125,2.25,14.524997402876583,79.065,18.0,1,1,2,0.4,0.6,4,1,5,0,2,1,7,0.0644122491005836,1.4681910319415334
S000370,10,15.572,2.0,21.406187656843525,77.86,10.0,2,3,5,0.3,0.7,3,3,4,0,1,1,5,0.04463052864303624,1.3737766433605139
S000371,10,7.525555555555556,1.8888888888888888,8.222583400475655,67.73,17.0,1,0,1,0.1,0.9,2,3,5,0,3,0,6,0.10842948841735875,1.0911714922483176
S000372,10,8.586875000000001,2.0,6.70232845333833,68.69500000000001,16.0,1,1,2,0.1,0.9,7,1,2,0,2,2,8,0.1298308694647502,0.7796238113661452
S000373,10,10.368571428571428,1.7142857142857142,11.08267631421735,72.58,12.0,2,1,3,0.5,0.5,2,5,3,0,2,2,8,0.08276312085124118,1.0678421775570743
S000374,10,17.907857142857146,1.5714285714285714,18.659863311651662,125.35500000000002,11.0,2,1,3,0.2,0.8,3,4,3,0,3,2,8,0.05086505354324298,1.0414115461954283
S000375,10,25.31375,2.125,13.392997037364607,202.51,17.0,1,1,2,0.2,0.8,7,2,1,0,7,0,5,0.06947823287977987,0.5288710020184454
S000376,10,6.314285714285715,1.8571428571428572,6.710404501326919,44.2,13.0,2,1,3,0.2,0.8,5,5,0,0,2,0,7,0.1296948817442594,1.061053343331566
S000377,10,23.291428571428572,1.5714285714285714,18.31247519094695,163.04,11.0,2,1,3,0.0,1.0,2,3,5,0,5,0,5,0.051780001792249127,0.7858949563891157
S000378,10,12.871111111111112,2.0,13.210778217467398,115.84,18.0,1,0,1,0.2,0.8,4,6,0,0,3,2,6,0.07036912297813744,1.0255930644113394
S000379,10,21.137857142857143,2.0,14.050884864526877,147.965,14.0,1,1,2,0.2,0.8,3,3,4,0,3,1,6,0.06644127631039684,0.6644117543262615
S000380,10,15.707500000000001,1.6666666666666667,11.478789897023118,94.245,10.0,2,2,4,0.4,0.6,5,0,5,0,3,1,7,0.08013597538320245,0.7303190645473592
S000381,10,16.66166666666667,1.6666666666666667,13.007390847770612,99.97000000000001,10.0,2,2,4,0.1,0.9,8,2,0,0,4,0,6,0.07139088291801024,0.7802093880498215
S000382,10,10.885714285714284,2.2857142857142856,17.951087113916767,76.2,16.0,1,1,2,0.1,0.9,4,5,1,0,2,1,7,0.05276742141434451,1.6475365123563313
S000383,10,15.04857142857143,2.0,15.143792379026056,105.34,14.0,1,2,3,0.4,0.6,2,5,3,0,3,1,9,0.061943313969968765,1.0056592984838477
S000384,10,17.93857142857143,1.8571428571428572,14.493732471395385,125.57,13.0,3,0,3,0.1,0.9,1,3,6,0,4,0,6,0.06454222711320243,0.8075145439332034
S000385,10,9.425999999999998,1.8,8.327303284977676,47.129999999999995,9.0,2,3,5,0.2,0.8,2,4,4,0,2,0,5,0.1072121243886832,0.8825035274457055
S000386,10,17.631428571428568,2.5714285714285716,16.07435372321536,123.41999999999999,18.0,1,1,2,0.2,0.8,4,2,4,0,4,3,7,0.058567370467459474,0.9111707511742452
S000387,10,24.955714285714286,2.2857142857142856,22.025689438428376,174.69,16.0,2,1,3,0.3,0.7,5,1,4,0,5,0,7,0.04342975278434291,0.8822375032558859
S000388,10,24.076666666666668,2.111111111111111,17.103160526639513,216.69,19.0,1,0,1,0.2,0.8,4,1,5,0,7,1,6,0.055238973246050635,0.7100675557697002
S000389,10,8.655,1.9166666666666667,8.219829073648674,51.92999999999999,11.5,2,2,4,0.3,0.7,4,2,4,0,1,2,7,0.108461880584979,0.9486242439294489
S000390,10,19.34,3.2,15.034518615506117,96.7,16.0,3,1,4,0.4,0.6,5,3,2,0,3,0,6,0.0623654519339891,0.7769777062277062
S000391,10,15.636111111111111,1.8888888888888888,14.67599736342001,140.725,17.0,0,1,1,0.1,0.9,4,4,2,0,4,2,6,0.06379179434754839,0.9379964937739593
S000392,10,6.375,2.2,6.552726531757601,31.875,11.0,1,4,5,0.3,0.7,4,3,3,0,2,1,7,0.13240251660049038,1.0262688381766016
S000393,10,15.105625,1.375,19.820140809197813,120.845,11.0,0,2,2,0.3,0.7,5,2,3,0,2,2,7,0.04803041483553393,1.3112352819812487
S000394,10,25.55,2.0,17.987143821550514,204.4,16.0,0,1,1,0.3,0.7,4,1,5,0,4,4,5,0.05266721574337023,0.7037223717351531
S000395,10,12.006428571428572,1.8571428571428572,9.662641423840288,84.045,13.0,1,2,3,0.4,0.6,1,7,2,0,2,2,6,0.09378539146633302,0.8041192411208704
S000396,10,14.664999999999997,2.0714285714285716,18.09141071521695,102.65499999999999,14.5,1,2,3,0.5,0.5,5,2,3,0,2,1,6,0.05237957607831163,1.2328048187541365
S000397,10,19.823124999999997,1.5625,13.07751749527737,158.58499999999998,12.5,1,1,2,0.3,0.7,4,4,2,0,4,2,8,0.07103525180028888,0.6593775562488196
S000398,10,13.089375,2.375,13.753859312285512,104.715,19.0,2,0,2,0.4,0.6,0,7,3,0,3,1,7,0.06777887594246625,1.0499630182573987
S000399,10,24.985,1.75,16.35291236621608,199.88,14.0,1,1,2,0.1,0.9,7,1,2,0,3,4,6,0.05762721431976301,0.6542473441174668
S000400,10,25.29,3.0,16.59641125866272,101.16,12.0,1,4,5,0.4,0.6,3,0,7,0,4,0,5,0.056829769735445325,0.6559846347297518
S000401,10,13.467142857142857,2.2857142857142856,17.147681781400962,94.27,16.0,1,2,3,0.4,0.6,5,5,0,0,3,0,8,0.05510345685171046,1.2723528987683563
S000402,10,17.53277777777778,2.2222222222222223,12.984291256916737,157.79500000000002,20.0,1,0,1,0.2,0.8,3,4,3,0,6,0,5,0.0715088081067671,0.7401502442426487
S000403,10,23.49125,2.125,23.218357538502037,187.93,17.0,2,0,2,0.4,0.6,4,2,4,0,3,2,6,0.04129099169546129,0.9879626631988526
S000404,10,12.77375,1.5,15.402378237049719,102.19,12.0,1,1,2,0.4,0.6,5,3,2,0,3,0,5,0.06096676869340804,1.2048403822860836
S000405,10,13.008333333333331,2.5,12.202120170964825,78.04999999999998,15.0,3,0,3,0.3,0.7,3,5,2,0,3,0,5,0.07574540960468465,0.9373027912660218
S000406,10,21.154999999999998,2.0,14.952492434373609,126.92999999999999,12.0,4,0,4,0.2,0.8,5,2,3,0,3,3,4,0.06268612908696647,0.7064725931667191
S000407,10,11.809999999999999,2.0,13.531136315919664,59.05,10.0,4,1,5,0.3,0.7,5,3,2,0,1,1,6,0.06881774269121986,1.1447661857800056
S000408,10,11.407499999999999,2.125,13.219024980253705,91.26,17.0,1,0,1,0.5,0.5,3,3,4,0,2,1,6,0.07032831023144862,1.15778629124184
S000409,10,22.772857142857145,2.5714285714285716,28.826840915071795,159.41000000000003,18.0,3,0,3,0.0,1.0,3,3,4,0,1,2,5,0.03352684928475581,1.2652864710653533
S000410,10,24.65833333333333,1.7777777777777777,15.125723536413059,221.92499999999998,16.0,1,0,1,0.3,0.7,3,3,4,0,4,2,8,0.06201272133569245,0.6131635782614577
S000411,10,20.432222222222222,2.2222222222222223,20.605312893631208,183.89000000000001,20.0,1,0,1,0.2,0.8,3,4,3,0,5,0,4,0.04628491172163394,1.0079781282893838
S000412,10,20.363333333333333,1.8888888888888888,14.426884625587048,183.27,17.0,0,1,1,0.4,0.6,3,3,4,0,5,3,5,0.06482190178186714,0.7081258814915108
S000413,10,18.06222222222222,2.4444444444444446,12.618435697202901,162.56000000000003,22.0,0,0,0,0.5,0.5,4,4,2,0,4,1,7,0.07342987272799552,0.6982226945885405
S000414,10,18.371111111111112,2.111111111111111,17.091983094746823,165.34,19.0,0,1,1,0.3,0.7,6,3,1,0,4,1,6,0.05527310050883031,0.9298666980156041
S000415,10,10.908571428571431,1.5714285714285714,15.226027528075546,76.36000000000001,11.0,1,2,3,0.4,0.6,5,1,4,0,0,2,6,0.061629378988154765,1.394507296827539
S000416,10,16.745,2.6666666666666665,24.75161227071885,100.47,16.0,2,2,4,0.3,0.7,2,2,6,0,2,0,4,0.03883252005689216,1.4772672199772514
S000417,10,8.966666666666667,2.3333333333333335,8.910779240148791,53.8,14.0,1,3,4,0.3,0.7,3,3,4,0,1,1,7,0.10090023960466976,0.992660145579145
S000418,10,18.5725,1.875,14.340466967889954,148.58,15.0,2,0,2,0.5,0.5,3,2,5,0,5,1,6,0.06518706386794872,0.7717189273719872
S000419,10,20.492500000000003,2.5,18.855117011039738,122.95500000000001,15.0,1,2,3,0.5,0.5,3,6,1,0,2,3,7,0.050364850503977654,0.9196496530198627
S000420,10,33.26285714285715,1.7142857142857142,23.815249816231695,232.84,12.0,1,1,2,0.5,0.5,3,3,4,0,6,2,5,0.0402978010459479,0.7157560805187491
S000421,10,6.970000000000001,2.4,6.00258694231079,34.85,12.0,3,2,5,0.6,0.4,4,3,3,0,1,1,6,0.1428043676198912,0.8599694759757579
S000422,10,20.789375,1.6875,18.80617384141632,166.315,13.5,1,1,2,0.2,0.8,6,2,2,0,3,1,7,0.05048930742539069,0.9041701417189852
S000423,10,21.899375,1.75,21.95775951970055,175.195,14.0,2,0,2,0.3,0.7,3,3,4,0,4,1,7,0.04355825746592904,1.002208393425214
S000424,10,17.178888888888892,1.8888888888888888,17.64108039098261,154.61,17.0,0,1,1,0.2,0.8,6,2,2,0,3,3,6,0.0536449593599595,1.0263071979240042
S000425,10,18.883333333333333,2.3333333333333335,18.80615590704278,169.95,21.0,0,1,1,0.3,0.7,3,4,3,0,5,0,5,0.05048935314320204,0.9953858101822218
S000426,10,9.931111111111111,1.6666666666666667,6.960896932947011,89.38,15.0,1,0,1,0.5,0.5,3,3,4,0,2,3,6,0.1256139865171969,0.7002131708564111
S000427,10,8.56375,1.5625,8.237856755769151,68.51,12.5,1,1,2,0.4,0.6,3,4,3,0,3,0,6,0.10825021717028553,0.9608230652595597
S000428,10,17.6025,1.75,16.60852466857507,70.41,7.0,3,2,5,0.1,0.9,2,5,3,0,1,2,6,0.056790674904448016,0.942996432566363
S000429,10,7.4071428571428575,2.2857142857142856,7.498810381844385,51.85,16.0,2,1,3,0.5,0.5,3,3,4,0,2,1,7,0.11766352643144663,1.0110106447016698
S000430,10,21.88666666666667,1.5555555555555556,15.68412015383713,196.98000000000002,14.0,0,1,1,0.1,0.9,5,4,1,0,6,1,6,0.059937233176183595,0.7162788927007364
S000431,10,15.3975,2.125,13.872706760295298,123.18,17.0,1,1,2,0.3,0.7,3,6,1,0,4,1,8,0.0672372565476538,0.9003866143303779
S000432,10,11.359166666666667,2.1666666666666665,6.512528246899714,68.155,13.0,1,3,4,0.2,0.8,2,3,5,0,4,1,7,0.13311098036971536,0.5728237115209013
S000433,10,15.808750000000002,2.5,14.990315385512837,126.47000000000001,20.0,1,1,2,0.1,0.9,3,3,4,0,3,2,7,0.06253785343758736,0.9476295779067774
S000434,10,6.4,2.6,7.315326376861117,32.0,13.0,2,2,4,0.3,0.7,7,1,2,0,1,0,6,0.12025986169137977,1.1412365642529043
S000435,10,21.311,1.8,40.29096399938825,106.55499999999999,9.0,1,3,4,0.3,0.7,3,3,4,0,3,0,7,0.02421837378305858,1.8897314384591832
S000436,10,11.2775,2.25,8.907388185417446,90.22,18.0,1,1,2,0.2,0.8,2,4,4,0,5,0,7,0.10093477526921645,0.7891373807678801
S000437,10,15.202857142857143,2.0,9.879425952091404,106.42,14.0,2,1,3,0.4,0.6,3,7,0,0,5,0,5,0.09191661438789105,0.6494129182518531
S000438,10,19.5975,3.0,12.589967897761563,78.39,12.0,2,3,5,0.3,0.7,3,4,3,0,3,0,6,0.0735836911111992,0.6420995995288314
S000439,10,16.73,1.5714285714285714,17.569740085347494,117.11,11.0,1,2,3,0.3,0.7,2,1,7,0,4,0,6,0.05385104990182673,1.049566313342144
S000440,10,19.366666666666664,2.5,15.510450240617345,116.19999999999999,15.0,3,1,4,0.5,0.5,1,4,5,0,4,0,7,0.06056770017936281,0.8004705095794261
S000441,10,13.522857142857143,1.8571428571428572,11.906811375967,94.66,13.0,0,3,3,0.2,0.8,3,3,4,0,3,1,5,0.07747847015584657,0.8798446071125198
S000442,10,17.136000000000003,2.0,4.990809553569441,85.68,10.0,3,1,4,0.2,0.8,3,2,5,0,4,1,7,0.16692234848363366,0.29107719313947505
S000443,10,22.03,2.0,19.27141406332187,88.12,8.0,1,5,6,0.1,0.9,4,4,2,0,3,0,5,0.049330549752291446,0.8743835781906474
S000444,10,10.838333333333333,2.5,22.02542659443096,65.03,15.0,0,3,3,0.3,0.7,6,0,4,0,2,0,5,0.04343024855148025,2.0303051093345488
S000445,10,16.24125,1.875,20.308808389816612,129.93,15.0,2,0,2,0.2,0.8,2,6,2,0,4,0,7,0.04692894983643927,1.249676695012175
S000446,10,16.248333333333335,1.5,19.88492837972183,97.49000000000001,9.0,1,3,4,0.4,0.6,4,5,1,0,1,1,6,0.04788141868712116,1.2230606896804814
S000447,10,13.66777777777778,2.111111111111111,16.523968786113233,123.01,19.0,1,0,1,0.5,0.5,3,4,3,0,3,1,6,0.05706469876803502,1.20808870085312
S000448,10,5.868571428571428,1.5714285714285714,8.390505405062376,41.08,11.0,3,0,3,0.2,0.8,2,4,4,0,0,1,4,0.10649054090964101,1.4273034710920203
S000449,10,12.58111111111111,1.8888888888888888,14.661812170093814,113.22999999999999,17.0,0,1,1,0.2,0.8,4,4,2,0,3,1,7,0.06384957175705996,1.1644573731984147
S000450,10,26.731666666666666,2.6666666666666665,21.994871599231185,160.39,16.0,2,1,3,0.2,0.8,5,2,3,0,3,2,6,0.04348795755108431,0.8224944194165603
S000451,10,10.85125,2.375,8.86055534780008,86.81,19.0,1,1,2,0.1,0.9,4,4,2,0,3,1,8,0.10141416631499392,0.815795175306717
S000452,10,23.195000000000004,2.0,23.515151498555138,139.17000000000002,12.0,1,3,4,0.0,1.0,3,4,3,0,3,0,7,0.040791100151224335,1.013365718532865
S000453,10,14.1525,2.25,13.869229816910734,113.22,18.0,1,1,2,0.6,0.4,2,3,5,0,3,2,8,0.06725297895811004,0.9792924848657182
S000454,10,19.743750000000002,1.625,16.582463144194573,157.95000000000002,13.0,2,0,2,0.3,0.7,4,3,3,0,5,1,7,0.05687485261871189,0.8394589960991999
S000455,10,8.201666666666666,2.0,8.894610540471497,49.209999999999994,12.0,1,3,4,0.4,0.6,4,2,4,0,2,1,6,0.10106511983566643,1.083167510510026
S000456,10,15.71875,2.125,14.044490976383385,125.75,17.0,1,0,1,0.2,0.8,1,6,3,0,5,0,5,0.0664695137621994,0.8929184440202422
S000457,10,6.7993749999999995,2.0,5.817038051829175,54.394999999999996,16.0,1,1,2,0.5,0.5,5,2,3,0,1,2,7,0.1466912744797832,0.8542690117417788
S000458,10,20.321111111111108,2.2222222222222223,15.517766788784755,182.89,20.0,0,1,1,0.5,0.5,5,2,3,0,4,2,6,0.06054087170421735,0.7632522740138966
S000459,10,8.15,1.8888888888888888,10.885731486675574,73.35000000000001,17.0,0,1,1,0.3,0.7,4,2,4,0,2,0,5,0.08413449362549068,1.3340357214063203
S000460,10,10.572857142857144,2.142857142857143,8.588856567835858,74.01,15.0,2,1,3,0.2,0.8,2,4,4,0,4,0,7,0.1042877211610741,0.8115820190989607
S000461,10,12.3625,2.75,14.365902628562305,49.45,11.0,2,3,5,0.3,0.7,5,3,2,0,2,1,6,0.06507915767611265,1.1611155892958014
S000462,10,13.820000000000002,2.2857142857142856,10.166013640229552,96.74000000000001,16.0,1,1,2,0.3,0.7,5,1,4,0,4,1,7,0.08955747612533294,0.7350696775292517
S000463,10,10.000000000000002,2.3,8.444672877027267,50.00000000000001,11.5,0,4,4,0.5,0.5,5,2,3,0,1,1,6,0.10587979202883227,0.8436236640386879
S000464,10,10.398571428571428,1.8571428571428572,12.486004736732813,72.78999999999999,13.0,1,1,2,0.0,1.0,5,2,3,0,3,0,6,0.07415094533344091,1.1995887065211324
S000465,10,13.267222222222223,1.8888888888888888,14.673774461413958,119.405,17.0,0,1,1,0.2,0.8,3,4,3,0,5,1,7,0.06380084149238092,1.105184067557016
S000466,10,25.490000000000002,2.6,24.76943378440452,127.45,13.0,2,3,5,0.7,0.3,2,3,5,0,3,1,7,0.038805664430438244,0.9713503444864516
S000467,10,11.4375,2.8333333333333335,10.299247423962589,68.625,17.0,3,1,4,0.4,0.6,4,2,4,0,3,1,7,0.08850146938806523,0.899694031357291
S000468,10,21.5925,2.0,14.652807385812258,172.74,16.0,1,1,2,0.2,0.8,4,0,6,0,5,1,8,0.06388630329064181,0.6782922062637313
S000469,10,10.840000000000002,1.9166666666666667,13.251908541791252,65.04,11.5,2,2,4,0.2,0.8,5,3,2,0,3,0,5,0.07016604106514389,1.2213740591512674
S000470,10,25.05,1.8571428571428572,15.990982875775128,175.35,13.0,0,3,3,0.0,1.0,3,5,2,0,5,1,6,0.058854747092103116,0.6381078561761823
S000471,10,20.580624999999998,2.3125,18.149968995939673,164.645,18.5,0,1,1,0.5,0.5,2,3,5,0,6,1,7,0.05221940569261641,0.8814676094552581
S000472,10,16.485999999999997,2.8,12.299936178696214,82.42999999999999,14.0,2,2,4,0.3,0.7,1,6,3,0,2,1,7,0.07518833072310498,0.7456314366328938
S000473,10,21.77,2.142857142857143,13.554181396651488,152.39,15.0,0,2,2,0.6,0.4,2,3,5,0,5,0,6,0.0687087767251597,0.6223223781749995
S000474,10,14.57,1.4444444444444444,14.772327169406992,131.13,13.0,1,0,1,0.1,0.9,2,3,5,0,3,2,6,0.06340218467821689,1.0131911638825097
S000475,10,20.869999999999997,1.6428571428571428,14.85365835969936,146.08999999999997,11.5,1,2,3,0.4,0.6,2,3,5,0,2,3,7,0.06307692378069912,0.7113821053495862
S000476,10,19.061666666666667,2.6666666666666665,13.669704337207396,114.37,16.0,2,2,4,0.6,0.4,1,5,4,0,5,0,6,0.06816769970364416,0.7167545750523846
S000477,10,11.556666666666667,2.3333333333333335,15.260428128550872,69.34,14.0,2,2,4,0.2,0.8,4,4,2,0,1,1,7,0.06149899572718815,1.3193453713444558
S000478,10,28.597999999999995,2.0,13.704505463532787,142.98999999999998,10.0,1,4,5,0.1,0.9,5,3,2,0,4,0,6,0.06800636733278809,0.47904451424541344
S000479,10,30.26571428571429,1.8571428571428572,16.12691317554071,211.86,13.0,0,3,3,0.3,0.7,5,2,3,0,3,3,5,0.058387637617508335,0.5326682972150473
S000480,10,24.844,2.8,10.84976405273405,124.22,14.0,1,4,5,0.3,0.7,3,3,4,0,3,2,5,0.0843898659542739,0.4365399554491852
S000481,10,14.755,2.5,6.037399274522103,88.53,15.0,2,2,4,0.2,0.8,4,2,4,0,3,2,6,0.14209794854476382,0.40889937517928227
S000482,10,6.8771428571428554,1.8571428571428572,8.40602108468629,48.139999999999986,13.0,3,0,3,0.2,0.8,1,7,2,0,1,3,5,0.1063148796921235,1.2205382201369852
S000483,10,13.0225,2.25,16.63692343639807,104.18,18.0,1,0,1,0.2,0.8,3,1,6,0,3,0,5,0.05669923122398192,1.2765719114826832
S000484,10,6.086,2.0,4.173718965143676,30.430000000000003,10.0,4,1,5,0.3,0.7,5,1,4,0,0,3,4,0.19328456120968093,0.684665184570813
S000485,10,13.640714285714285,2.0,12.759728454716235,95.485,14.0,2,1,3,0.3,0.7,2,4,4,0,2,1,7,0.07267585281868288,0.9347297282508885
S000486,10,12.33,1.7142857142857142,12.381165804021311,86.31,12.0,1,2,3,0.2,0.8,3,3,4,0,2,2,6,0.07473190412897206,1.0033359646694742
S000487,10,16.325714285714284,1.7142857142857142,21.226923828904066,114.27999999999999,12.0,2,1,3,0.5,0.5,2,4,4,0,2,1,8,0.04499048126037091,1.2994181618043592
S000488,10,6.483333333333333,2.3333333333333335,8.376394610252472,38.9,14.0,0,4,4,0.2,0.8,4,2,4,0,1,1,5,0.10665080146121043,1.2899991699567461
S000489,10,25.656875,1.875,22.851930668279586,205.255,15.0,1,1,2,0.4,0.6,4,1,5,0,2,2,7,0.041925327299810106,0.890327734415646
S000490,10,17.277142857142856,2.0,20.309714189918832,120.94,14.0,0,2,2,0.0,1.0,4,4,2,0,3,1,6,0.04692695505381665,1.1748450485863302
S000491,10,10.295,2.25,15.415089360752988,61.769999999999996,13.5,2,1,3,0.5,0.5,4,2,4,0,3,0,7,0.06091955870742384,1.4958844600439583
S000492,10,12.04,2.388888888888889,9.000497208487984,108.36,21.5,0,1,1,0.5,0.5,4,4,2,0,5,1,6,0.09999502816232415,0.7469292289201647
S000493,10,16.412222222222223,1.7777777777777777,13.686673973045622,147.70999999999998,16.0,0,0,0,0.5,0.5,4,3,3,0,6,0,5,0.06808893571378345,0.8334239902395845
S000494,10,13.7725,1.5,12.4210923720213,110.18,12.0,1,1,2,0.4,0.6,2,5,3,0,2,3,7,0.07450958329477571,0.9012220113928024
S000495,10,18.213333333333335,2.0,11.773943547795133,109.28,12.0,2,2,4,0.4,0.6,3,3,4,0,3,2,6,0.07828436036674098,0.64609165252214
S000496,10,13.307142857142859,2.0,14.452873663837831,93.15,14.0,2,1,3,0.4,0.6,1,5,4,0,2,1,8,0.06471288264914495,1.0852833688786183
S000497,10,14.545000000000002,2.1666666666666665,13.864877568878853,87.27000000000001,13.0,0,4,4,0.3,0.7,6,1,3,0,3,0,4,0.06727266977923872,0.952585198823693
S000498,10,4.847142857142856,2.2857142857142856,6.383874774998107,33.92999999999999,16.0,0,3,3,0.3,0.7,2,2,6,0,2,0,6,0.13543024908629445,1.314327159558434
S000499,10,21.03,2.5625,19.482022482278374,168.24,20.5,1,1,2,0.2,0.8,6,1,3,0,4,0,6,0.04882330350263155,0.9259516388915576
S000500,10,13.592500000000001,1.375,16.263795682435266,108.74000000000001,11.0,2,0,2,0.5,0.5,4,2,4,0,2,1,5,0.05792468923954144,1.1956475414398282
